date,text,likes,impressions
2026-06-01 07:30,朝活で人生変わった話。結論から言うと、早起きは最強の自己投資です。,120,5000
2026-06-02 21:00,副業で月5万稼ぐ3つの方法を公開します。知らないと損するので保存推奨。,540,8000
2026-06-03 12:15,今日のランチ美味しかった。,8,3000
2026-06-04 21:30,100万溶かして学んだ投資の教訓。同じ失敗をしてほしくない。,780,9000
2026-06-05 08:00,普通に働くのはもうやめよう。時間の切り売りから抜け出す方法。,610,7500
2026-06-06 15:00,天気がいいですね。,3,2000
2026-06-07 07:00,フォロワー1000人までにやった5つのこと。全部無料でできます。,430,6000
2026-06-08 22:00,あなたが痩せられない本当の理由、知っていますか?,350,5500
2026-06-09 13:00,コーヒー飲んでます。,5,2500
2026-06-10 21:00,月10万の不労所得を作るまでにやめた3つの習慣。,690,8500
